{"cameraMode":{"drawMode":0,"name":"Shaded","section":"Shading Mode"},"sceneLighting":true,"audioPlay":false,"sceneViewState":{"showFog":true,"showMaterialUpdate":false,"showSkybox":true,"showFlares":true,"showImageEffects":true,"showParticleSystems":true},"in2DMode":false,"pivot":{"x":9.915969848632813,"y":3.648880958557129,"z":34.13400650024414},"rotation":{"x":-0.040704090148210528,"y":-0.06829439848661423,"z":0.0027823224663734438,"w":-0.9968429803848267},"size":36.65836715698242,"orthographic":false}